ProjectID,ProjectName,Workstream,ProjectType,Complexity,Region,CurrentPhase,RAGStatus,BaselineStartDate,BaselineEndDate,BaselineBudgetEUR,PrimaryDelayReason,PrimaryCostDriver,Sponsor,ProjectManager,ReadinessGateTargetDate
PRJ00001,Grid Automation – East – Upgrade 1,Grid Automation,Upgrade,Medium,East,Planning & Consents,Red,22-05-2025,07-01-2028,12165638,Stakeholder/Community,Productivity Delay,"Director, Infrastructure & Network Delivery",PM - Murphy,23-04-2026
PRJ00002,Overhead Line – East – Reinforcement 2,Overhead Line,Reinforcement,High,East,Procurement,Red,05-05-2023,13-07-2027,65492191,Design Rework,Scope Change,Head of Onshore Transmission Delivery,PM - Fitzgerald,21-10-2024
PRJ00003,Grid Automation – East – Upgrade 3,Grid Automation,Upgrade,High,East,Planning & Consents,Green,28-07-2025,08-01-2029,17022396,Design Rework,Scope Change,"Sponsor, Consents & Community Readiness",PM - Nolan,12-10-2026
PRJ00004,Reactive Compensation – South – New Build 4,Reactive Compensation,New Build,Medium,South,Planning & Consents,Amber,14-05-2023,24-11-2026,22870470,Procurement/Long Lead,Design Rework,"Director, Infrastructure & Network Delivery",PM - Byrne,07-08-2024
PRJ00005,Substation Build – West – New Build 5,Substation Build,New Build,Medium,West,Construction,Green,05-03-2023,19-03-2026,66501267,Contractor Capacity,Inflation/Materials,"Director, Infrastructure & Network Delivery",PM - Hayes,27-03-2024
PRJ00006,Interconnector Onshore Works – East – Upgrade 6,Interconnector Onshore Works,Upgrade,High,East,Design,Green,24-05-2023,08-05-2026,89673423,Outage Window,Risk Realised,"Sponsor, Consents & Community Readiness",PM - Ryan,05-06-2024
PRJ00007,Grid Automation – East – Reinforcement 7,Grid Automation,Reinforcement,Medium,East,Commissioning,Green,27-07-2024,15-10-2026,14684666,Permits/Consents,Design Rework,"Director, Infrastructure & Network Delivery",PM - Hayes,06-05-2025
PRJ00008,Grid Automation – Northwest – New Build 8,Grid Automation,New Build,High,Northwest,Design,Green,11-02-2025,30-08-2027,15901808,Land Access/Wayleaves,Productivity Delay,Head of Onshore Transmission Delivery,PM - Hayes,02-01-2026
PRJ00009,Substation Build – Dublin – New Build 9,Substation Build,New Build,Medium,Dublin,Construction,Green,22-05-2024,08-03-2027,82757521,Permits/Consents,Inflation/Materials,Head of Onshore Transmission Delivery,PM - Hayes,13-05-2025
PRJ00010,Overhead Line – South – Upgrade 10,Overhead Line,Upgrade,Low,South,Procurement,Amber,02-06-2023,21-02-2025,45259118,Outage Window,Design Rework,Head of Onshore Transmission Delivery,PM - Ryan,08-01-2024
PRJ00011,Overhead Line – West – New Build 11,Overhead Line,New Build,Low,West,Construction,Green,06-09-2023,27-06-2025,57403853,Procurement/Long Lead,Risk Realised,"Director, Infrastructure & Network Delivery",PM - Nolan,24-04-2024
PRJ00012,Interconnector Onshore Works – Dublin – Reinforcement 12,Interconnector Onshore Works,Reinforcement,High,Dublin,Construction,Green,28-11-2025,15-06-2028,121283982,Design Rework,Scope Change,"Sponsor, Commercial & Supply Chain",PM - O'Rourke,19-10-2026
PRJ00013,Underground Cable – Dublin – New Build 13,Underground Cable,New Build,Low,Dublin,Procurement,Green,15-04-2026,30-12-2028,48047267,Stakeholder/Community,Inflation/Materials,"Sponsor, Interconnector Onshore Works",PM - Kelly,27-03-2027
PRJ00014,Grid Automation – Dublin – New Build 14,Grid Automation,New Build,Medium,Dublin,Commissioning,Green,29-07-2025,13-07-2028,14526249,Weather/Events,Scope Change,"Director, Infrastructure & Network Delivery",PM - Ryan,11-08-2026
PRJ00015,Overhead Line – Northwest – Reinforcement 15,Overhead Line,Reinforcement,Medium,Northwest,Design,Green,09-05-2023,21-08-2026,49713213,Permits/Consents,Inflation/Materials,"Sponsor, Interconnector Onshore Works",PM - Kelly,02-07-2024
PRJ00016,Substation Upgrade – Dublin – New Build 16,Substation Upgrade,New Build,Low,Dublin,Planning & Consents,Green,19-10-2025,04-08-2028,25418222,Design Rework,Design Rework,"Sponsor, Consents & Community Readiness",PM - Fitzgerald,10-10-2026
PRJ00017,Underground Cable – Dublin – New Build 17,Underground Cable,New Build,Medium,Dublin,Construction,Green,12-05-2025,20-02-2029,58651049,Stakeholder/Community,Contractor Claims,"Sponsor, Consents & Community Readiness",PM - O'Rourke,06-09-2026
PRJ00018,Substation Build – Dublin – New Build 18,Substation Build,New Build,Medium,Dublin,Construction,Amber,17-10-2024,02-10-2027,53076786,Permits/Consents,Contractor Claims,"Sponsor, Commercial & Supply Chain",PM - Walsh,30-10-2025
PRJ00019,Grid Automation – Dublin – New Build 19,Grid Automation,New Build,Low,Dublin,Concept,Red,28-06-2023,17-02-2025,12627194,Design Rework,Inflation/Materials,"Sponsor, Commercial & Supply Chain",PM - Kelly,24-01-2024
PRJ00020,Underground Cable – West – New Build 20,Underground Cable,New Build,High,West,Procurement,Green,27-05-2026,10-06-2029,68127839,Land Access/Wayleaves,Scope Change,"Sponsor, Commercial & Supply Chain",PM - Murphy,19-06-2027
PRJ00021,Reactive Compensation – East – New Build 21,Reactive Compensation,New Build,High,East,Construction,Red,05-07-2024,17-12-2027,29195016,Contractor Capacity,Inflation/Materials,Head of Onshore Transmission Delivery,PM - O'Rourke,19-09-2025
PRJ00022,Overhead Line – South – New Build 22,Overhead Line,New Build,Medium,South,Construction,Red,25-02-2023,11-12-2025,46571159,Procurement/Long Lead,Risk Realised,"Sponsor, Consents & Community Readiness",PM - O'Rourke,16-02-2024
PRJ00023,Interconnector Onshore Works – West – New Build 23,Interconnector Onshore Works,New Build,Low,West,Commissioning,Amber,19-09-2023,08-09-2025,58109356,Land Access/Wayleaves,Productivity Delay,Head of Onshore Transmission Delivery,PM - Fitzgerald,27-05-2024
PRJ00024,Interconnector Onshore Works – Midlands – Upgrade 24,Interconnector Onshore Works,Upgrade,Medium,Midlands,Procurement,Amber,15-05-2024,04-07-2026,72769779,Permits/Consents,Inflation/Materials,"Director, Infrastructure & Network Delivery",PM - Murphy,12-02-2025
PRJ00025,Grid Automation – Dublin – Upgrade 25,Grid Automation,Upgrade,Low,Dublin,Construction,Amber,19-03-2023,02-01-2026,10538722,Permits/Consents,Design Rework,"Sponsor, Consents & Community Readiness",PM - Keane,09-03-2024
PRJ00026,Substation Upgrade – Midlands – New Build 26,Substation Upgrade,New Build,Medium,Midlands,Design,Amber,08-02-2024,23-04-2027,33335173,Permits/Consents,Scope Change,"Director, Infrastructure & Network Delivery",PM - Keane,23-03-2025
PRJ00027,Overhead Line – West – New Build 27,Overhead Line,New Build,High,West,Commissioning,Amber,07-08-2024,23-07-2027,90139151,Contractor Capacity,Scope Change,Head of Onshore Transmission Delivery,PM - Murphy,20-08-2025
PRJ00028,Substation Build – Dublin – Upgrade 28,Substation Build,Upgrade,High,Dublin,Design,Green,28-03-2026,11-01-2029,74806238,Land Access/Wayleaves,Scope Change,"Director, Infrastructure & Network Delivery",PM - O'Rourke,19-03-2027
PRJ00029,Substation Build – Midlands – Reinforcement 29,Substation Build,Reinforcement,High,Midlands,Construction,Red,18-04-2023,28-12-2026,85626034,Permits/Consents,FX/Imports,"Director, Infrastructure & Network Delivery",PM - Ryan,02-08-2024
PRJ00030,Reactive Compensation – Midlands – Reinforcement 30,Reactive Compensation,Reinforcement,Medium,Midlands,Procurement,Green,20-12-2024,03-02-2028,17773159,Design Rework,Design Rework,"Sponsor, Consents & Community Readiness",PM - Ryan,22-01-2026
PRJ00031,Reactive Compensation – East – New Build 31,Reactive Compensation,New Build,Medium,East,Construction,Amber,15-02-2026,29-07-2029,18555813,Design Rework,Productivity Delay,"Sponsor, Consents & Community Readiness",PM - Byrne,02-05-2027
PRJ00032,Interconnector Onshore Works – Northwest – New Build 32,Interconnector Onshore Works,New Build,Medium,Northwest,Construction,Green,02-10-2025,12-08-2029,108606959,Procurement/Long Lead,Scope Change,Head of Onshore Transmission Delivery,PM - Kelly,07-02-2027
PRJ00033,Substation Upgrade – South – New Build 33,Substation Upgrade,New Build,Medium,South,Procurement,Green,27-02-2026,16-06-2028,25169542,Outage Window,Scope Change,"Director, Infrastructure & Network Delivery",PM - O'Rourke,17-12-2026
PRJ00034,Overhead Line – West – New Build 34,Overhead Line,New Build,Medium,West,Commissioning,Green,01-08-2023,19-09-2025,44126944,Land Access/Wayleaves,Productivity Delay,Head of Onshore Transmission Delivery,PM - Walsh,30-04-2024
PRJ00035,Overhead Line – Northwest – Upgrade 35,Overhead Line,Upgrade,Low,Northwest,Procurement,Green,26-09-2025,18-02-2027,38204220,Stakeholder/Community,Inflation/Materials,Head of Onshore Transmission Delivery,PM - Fitzgerald,23-03-2026
PRJ00036,Substation Upgrade – East – New Build 36,Substation Upgrade,New Build,Low,East,Construction,Green,05-05-2026,23-06-2028,25454929,Permits/Consents,Risk Realised,"Sponsor, Commercial & Supply Chain",PM - Kelly,02-02-2027
PRJ00037,Substation Build – Midlands – New Build 37,Substation Build,New Build,Medium,Midlands,Design,Green,11-02-2024,26-04-2027,60680413,Design Rework,Design Rework,"Sponsor, Consents & Community Readiness",PM - Fitzgerald,26-03-2025
PRJ00038,Overhead Line – East – New Build 38,Overhead Line,New Build,Low,East,Procurement,Green,13-09-2024,28-09-2027,44018257,Weather/Events,Contractor Claims,Head of Onshore Transmission Delivery,PM - Byrne,06-10-2025
PRJ00039,Substation Upgrade – Midlands – Upgrade 39,Substation Upgrade,Upgrade,Low,Midlands,Procurement,Green,23-10-2024,15-07-2026,26105023,Stakeholder/Community,Design Rework,Head of Onshore Transmission Delivery,PM - Walsh,31-05-2025
PRJ00040,Reactive Compensation – West – New Build 40,Reactive Compensation,New Build,High,West,Planning & Consents,Green,07-09-2024,19-04-2028,24578983,Contractor Capacity,FX/Imports,"Sponsor, Interconnector Onshore Works",PM - Murphy,12-12-2025
PRJ00041,Overhead Line – Dublin – Reinforcement 41,Overhead Line,Reinforcement,High,Dublin,Planning & Consents,Red,28-12-2023,11-01-2027,44246019,Contractor Capacity,Contractor Claims,"Sponsor, Commercial & Supply Chain",PM - Murphy,19-01-2025
PRJ00042,Grid Automation – South – New Build 42,Grid Automation,New Build,Medium,South,Construction,Green,25-04-2026,11-09-2028,16948473,Land Access/Wayleaves,Productivity Delay,Head of Onshore Transmission Delivery,PM - Hayes,23-02-2027
PRJ00043,Reactive Compensation – East – Reinforcement 43,Reactive Compensation,Reinforcement,High,East,Construction,Green,07-04-2026,17-03-2030,28576103,Design Rework,Risk Realised,Head of Onshore Transmission Delivery,PM - O'Rourke,23-08-2027
PRJ00044,Substation Upgrade – Dublin – New Build 44,Substation Upgrade,New Build,High,Dublin,Construction,Green,19-04-2024,26-08-2028,31923520,Design Rework,Scope Change,"Director, Infrastructure & Network Delivery",PM - Fitzgerald,27-10-2025
PRJ00045,Grid Automation – Dublin – Reinforcement 45,Grid Automation,Reinforcement,Low,Dublin,Concept,Green,01-10-2025,18-02-2028,8110481,Weather/Events,Risk Realised,"Sponsor, Interconnector Onshore Works",PM - Fitzgerald,01-08-2026
PRJ00046,Grid Automation – East – Reinforcement 46,Grid Automation,Reinforcement,Medium,East,Design,Green,10-05-2024,26-03-2027,11456754,Procurement/Long Lead,Scope Change,Head of Onshore Transmission Delivery,PM - Kelly,12-05-2025
PRJ00047,Overhead Line – Dublin – Reinforcement 47,Overhead Line,Reinforcement,Medium,Dublin,Planning & Consents,Amber,30-12-2024,18-06-2027,49123976,Permits/Consents,Productivity Delay,Head of Onshore Transmission Delivery,PM - Walsh,10-11-2025
PRJ00048,Substation Upgrade – Dublin – Reinforcement 48,Substation Upgrade,Reinforcement,Low,Dublin,Construction,Red,09-08-2024,25-02-2027,28582021,Contractor Capacity,Design Rework,"Sponsor, Interconnector Onshore Works",PM - Kelly,30-06-2025
PRJ00049,Reactive Compensation – West – Upgrade 49,Reactive Compensation,Upgrade,High,West,Construction,Green,09-06-2023,23-02-2026,19318612,Permits/Consents,Productivity Delay,"Sponsor, Commercial & Supply Chain",PM - Byrne,20-05-2024
PRJ00050,Substation Build – West – Upgrade 50,Substation Build,Upgrade,Medium,West,Design,Amber,27-03-2025,10-05-2028,58939467,Land Access/Wayleaves,Contractor Claims,"Director, Infrastructure & Network Delivery",PM - Ryan,29-04-2026
PRJ00051,Substation Upgrade – West – Upgrade 51,Substation Upgrade,Upgrade,Medium,West,Construction,Green,05-02-2024,29-07-2025,27968056,Land Access/Wayleaves,Productivity Delay,"Director, Infrastructure & Network Delivery",PM - Murphy,12-08-2024
PRJ00052,Substation Build – East – New Build 52,Substation Build,New Build,Low,East,Planning & Consents,Green,28-09-2023,19-06-2025,35482194,Design Rework,Scope Change,"Director, Infrastructure & Network Delivery",PM - Hayes,05-05-2024
PRJ00053,Grid Automation – Northwest – Upgrade 53,Grid Automation,Upgrade,Low,Northwest,Design,Green,29-08-2023,13-08-2026,12169196,Permits/Consents,Scope Change,"Sponsor, Consents & Community Readiness",PM - Nolan,10-09-2024
PRJ00054,Reactive Compensation – West – Upgrade 54,Reactive Compensation,Upgrade,High,West,Planning & Consents,Green,09-05-2026,24-03-2029,18695024,Permits/Consents,Inflation/Materials,"Director, Infrastructure & Network Delivery",PM - Kelly,11-05-2027
PRJ00055,Reactive Compensation – Dublin – Reinforcement 55,Reactive Compensation,Reinforcement,Low,Dublin,Design,Amber,09-05-2023,29-03-2025,20029449,Permits/Consents,Productivity Delay,"Sponsor, Interconnector Onshore Works",PM - Ryan,05-01-2024
PRJ00056,Grid Automation – Dublin – Upgrade 56,Grid Automation,Upgrade,Low,Dublin,Construction,Amber,22-09-2025,09-04-2028,10715574,Stakeholder/Community,Contractor Claims,"Sponsor, Interconnector Onshore Works",PM - Kelly,13-08-2026
PRJ00057,Overhead Line – West – New Build 57,Overhead Line,New Build,Medium,West,Commissioning,Amber,16-12-2025,02-08-2028,64945568,Design Rework,Scope Change,"Sponsor, Consents & Community Readiness",PM - Hayes,17-11-2026
PRJ00058,Underground Cable – Dublin – Upgrade 58,Underground Cable,Upgrade,Medium,Dublin,Design,Green,08-02-2023,26-08-2025,60303016,Permits/Consents,Risk Realised,"Sponsor, Consents & Community Readiness",PM - O'Rourke,30-12-2023
PRJ00059,Substation Build – South – New Build 59,Substation Build,New Build,Medium,South,Procurement,Amber,04-01-2025,23-06-2027,41447755,Permits/Consents,Inflation/Materials,Head of Onshore Transmission Delivery,PM - Hayes,15-11-2025
PRJ00060,Substation Build – Northwest – New Build 60,Substation Build,New Build,Medium,Northwest,Construction,Green,21-12-2024,07-09-2027,62215694,Procurement/Long Lead,Contractor Claims,"Director, Infrastructure & Network Delivery",PM - Fitzgerald,02-12-2025
PRJ00061,Reactive Compensation – Dublin – Upgrade 61,Reactive Compensation,Upgrade,Low,Dublin,Commissioning,Green,23-03-2024,06-02-2027,17525395,Land Access/Wayleaves,Inflation/Materials,"Sponsor, Commercial & Supply Chain",PM - Fitzgerald,25-03-2025
PRJ00062,Overhead Line – Dublin – New Build 62,Overhead Line,New Build,Low,Dublin,Construction,Green,11-04-2025,31-05-2027,44940386,Contractor Capacity,Scope Change,"Director, Infrastructure & Network Delivery",PM - Murphy,09-01-2026
PRJ00063,Underground Cable – Northwest – New Build 63,Underground Cable,New Build,High,Northwest,Design,Amber,24-05-2024,10-12-2026,85859498,Procurement/Long Lead,Design Rework,"Director, Infrastructure & Network Delivery",PM - Fitzgerald,14-04-2025
PRJ00064,Grid Automation – West – New Build 64,Grid Automation,New Build,Medium,West,Construction,Red,02-07-2024,15-09-2027,16548826,Outage Window,Contractor Claims,Head of Onshore Transmission Delivery,PM - Walsh,15-08-2025
PRJ00065,Underground Cable – Dublin – New Build 65,Underground Cable,New Build,Medium,Dublin,Design,Green,22-06-2024,03-03-2028,73686084,Land Access/Wayleaves,Scope Change,"Director, Infrastructure & Network Delivery",PM - Ryan,07-10-2025
PRJ00066,Underground Cable – Northwest – New Build 66,Underground Cable,New Build,Medium,Northwest,Commissioning,Green,25-09-2025,13-01-2028,63851004,Design Rework,FX/Imports,Head of Onshore Transmission Delivery,PM - O'Rourke,15-07-2026
PRJ00067,Underground Cable – Northwest – New Build 67,Underground Cable,New Build,High,Northwest,Design,Amber,28-02-2025,08-01-2029,52786816,Permits/Consents,Design Rework,"Sponsor, Commercial & Supply Chain",PM - Walsh,06-07-2026
PRJ00068,Substation Upgrade – South – Upgrade 68,Substation Upgrade,Upgrade,Low,South,Construction,Amber,17-04-2024,05-08-2026,19622536,Outage Window,Design Rework,"Sponsor, Commercial & Supply Chain",PM - Murphy,04-02-2025
PRJ00069,Substation Build – West – New Build 69,Substation Build,New Build,Medium,West,Concept,Green,01-03-2026,13-02-2029,77879857,Weather/Events,Risk Realised,"Sponsor, Consents & Community Readiness",PM - Walsh,14-03-2027
PRJ00070,Overhead Line – East – Reinforcement 70,Overhead Line,Reinforcement,Medium,East,Procurement,Amber,27-09-2025,16-12-2027,39874533,Design Rework,Risk Realised,"Sponsor, Commercial & Supply Chain",PM - Walsh,07-07-2026
PRJ00071,Substation Upgrade – Dublin – Reinforcement 71,Substation Upgrade,Reinforcement,Medium,Dublin,Construction,Amber,09-03-2026,19-09-2029,30694412,Procurement/Long Lead,Inflation/Materials,Head of Onshore Transmission Delivery,PM - Fitzgerald,03-06-2027
PRJ00072,Overhead Line – West – Upgrade 72,Overhead Line,Upgrade,High,West,Construction,Amber,29-06-2025,10-11-2028,62175108,Permits/Consents,Productivity Delay,"Sponsor, Commercial & Supply Chain",PM - Byrne,02-09-2026
PRJ00073,Grid Automation – East – New Build 73,Grid Automation,New Build,Medium,East,Procurement,Green,03-05-2024,13-03-2028,14820894,Stakeholder/Community,Productivity Delay,"Sponsor, Consents & Community Readiness",PM - Ryan,08-09-2025
PRJ00074,Substation Upgrade – West – Upgrade 74,Substation Upgrade,Upgrade,High,West,Commissioning,Red,21-08-2025,07-04-2028,13315426,Design Rework,Inflation/Materials,Head of Onshore Transmission Delivery,PM - Keane,23-07-2026
PRJ00075,Substation Build – Midlands – Reinforcement 75,Substation Build,Reinforcement,High,Midlands,Construction,Green,15-02-2024,25-03-2028,60633097,Land Access/Wayleaves,Scope Change,"Sponsor, Interconnector Onshore Works",PM - Ryan,24-07-2025
PRJ00076,Substation Upgrade – Dublin – Upgrade 76,Substation Upgrade,Upgrade,Medium,Dublin,Design,Amber,04-12-2023,22-05-2026,33404132,Procurement/Long Lead,Scope Change,Head of Onshore Transmission Delivery,PM - Ryan,14-10-2024
PRJ00077,Substation Upgrade – West – Reinforcement 77,Substation Upgrade,Reinforcement,High,West,Procurement,Green,16-07-2024,01-02-2027,29584511,Procurement/Long Lead,Productivity Delay,"Director, Infrastructure & Network Delivery",PM - Murphy,06-06-2025
PRJ00078,Reactive Compensation – East – Upgrade 78,Reactive Compensation,Upgrade,Medium,East,Procurement,Green,23-04-2026,07-05-2029,12824942,Stakeholder/Community,Design Rework,Head of Onshore Transmission Delivery,PM - Ryan,16-05-2027
PRJ00079,Underground Cable – Midlands – Upgrade 79,Underground Cable,Upgrade,High,Midlands,Construction,Green,09-12-2024,21-07-2028,79834377,Design Rework,Design Rework,Head of Onshore Transmission Delivery,PM - Hayes,15-03-2026
PRJ00080,Grid Automation – East – New Build 80,Grid Automation,New Build,Medium,East,Design,Green,23-04-2024,08-01-2027,14524834,Contractor Capacity,Inflation/Materials,Head of Onshore Transmission Delivery,PM - Fitzgerald,04-04-2025
PRJ00081,Reactive Compensation – West – Upgrade 81,Reactive Compensation,Upgrade,Medium,West,Design,Green,29-07-2024,15-05-2027,23917841,Contractor Capacity,Scope Change,"Sponsor, Consents & Community Readiness",PM - Murphy,20-07-2025
PRJ00082,Overhead Line – South – New Build 82,Overhead Line,New Build,Medium,South,Commissioning,Green,30-12-2023,18-04-2026,57046364,Land Access/Wayleaves,Contractor Claims,"Sponsor, Commercial & Supply Chain",PM - Murphy,18-10-2024
PRJ00083,Grid Automation – East – Upgrade 83,Grid Automation,Upgrade,Low,East,Commissioning,Green,01-04-2025,22-03-2027,11106867,Land Access/Wayleaves,Contractor Claims,Head of Onshore Transmission Delivery,PM - Ryan,08-12-2025
PRJ00084,Substation Build – West – Reinforcement 84,Substation Build,Reinforcement,Medium,West,Construction,Green,12-03-2024,25-06-2027,70472351,Permits/Consents,Risk Realised,"Sponsor, Consents & Community Readiness",PM - Byrne,06-05-2025
PRJ00085,Substation Build – West – New Build 85,Substation Build,New Build,High,West,Commissioning,Amber,22-11-2024,01-11-2028,97078506,Design Rework,Risk Realised,Head of Onshore Transmission Delivery,PM - Fitzgerald,09-04-2026
PRJ00086,Substation Build – South – Upgrade 86,Substation Build,Upgrade,Medium,South,Construction,Red,06-04-2024,25-06-2026,84384758,Procurement/Long Lead,Risk Realised,"Sponsor, Commercial & Supply Chain",PM - Walsh,14-01-2025
PRJ00087,Reactive Compensation – Midlands – New Build 87,Reactive Compensation,New Build,Low,Midlands,Construction,Amber,04-02-2024,15-11-2027,24317970,Procurement/Long Lead,Risk Realised,"Director, Infrastructure & Network Delivery",PM - Fitzgerald,31-05-2025
PRJ00088,Overhead Line – Northwest – Upgrade 88,Overhead Line,Upgrade,Medium,Northwest,Construction,Green,24-04-2026,12-07-2028,32118753,Land Access/Wayleaves,FX/Imports,"Director, Infrastructure & Network Delivery",PM - Keane,01-02-2027
PRJ00089,Substation Build – South – New Build 89,Substation Build,New Build,Low,South,Procurement,Green,07-03-2024,21-01-2027,67092782,Permits/Consents,Contractor Claims,"Sponsor, Consents & Community Readiness",PM - Keane,09-03-2025
PRJ00090,Overhead Line – South – Reinforcement 90,Overhead Line,Reinforcement,Low,South,Procurement,Red,29-03-2023,13-12-2025,51262465,Contractor Capacity,Scope Change,"Sponsor, Consents & Community Readiness",PM - Hayes,09-03-2024
PRJ00091,Substation Build – Dublin – New Build 91,Substation Build,New Build,High,Dublin,Design,Green,17-04-2024,01-06-2027,104921930,Land Access/Wayleaves,Scope Change,"Sponsor, Commercial & Supply Chain",PM - Fitzgerald,20-05-2025
PRJ00092,Reactive Compensation – Midlands – Reinforcement 92,Reactive Compensation,Reinforcement,Medium,Midlands,Construction,Green,25-10-2024,12-07-2027,20356805,Permits/Consents,Inflation/Materials,"Sponsor, Consents & Community Readiness",PM - Fitzgerald,06-10-2025
PRJ00093,Overhead Line – South – Reinforcement 93,Overhead Line,Reinforcement,Medium,South,Design,Red,29-04-2023,14-12-2025,60015745,Design Rework,Scope Change,"Sponsor, Commercial & Supply Chain",PM - Hayes,30-03-2024
PRJ00094,Overhead Line – South – Upgrade 94,Overhead Line,Upgrade,Medium,South,Design,Red,17-01-2024,01-01-2027,52383427,Land Access/Wayleaves,Scope Change,Head of Onshore Transmission Delivery,PM - Murphy,29-01-2025
PRJ00095,Substation Upgrade – Dublin – Upgrade 95,Substation Upgrade,Upgrade,Low,Dublin,Construction,Green,27-07-2023,17-05-2025,31272761,Land Access/Wayleaves,Risk Realised,"Director, Infrastructure & Network Delivery",PM - Byrne,14-03-2024
PRJ00096,Underground Cable – Northwest – Upgrade 96,Underground Cable,Upgrade,Medium,Northwest,Procurement,Amber,16-09-2024,06-09-2026,47456045,Procurement/Long Lead,Scope Change,"Director, Infrastructure & Network Delivery",PM - O'Rourke,25-05-2025
PRJ00097,Overhead Line – East – Reinforcement 97,Overhead Line,Reinforcement,Medium,East,Design,Green,20-06-2025,07-11-2027,45081286,Stakeholder/Community,Risk Realised,"Director, Infrastructure & Network Delivery",PM - Kelly,20-04-2026
PRJ00098,Substation Build – West – New Build 98,Substation Build,New Build,Medium,West,Construction,Amber,22-04-2026,09-08-2028,68457901,Land Access/Wayleaves,Design Rework,Head of Onshore Transmission Delivery,PM - Byrne,09-02-2027
PRJ00099,Substation Build – Dublin – Upgrade 99,Substation Build,Upgrade,High,Dublin,Construction,Green,30-04-2024,16-12-2026,64962901,Design Rework,Productivity Delay,Head of Onshore Transmission Delivery,PM - Hayes,01-04-2025
PRJ00100,Interconnector Onshore Works – Northwest – New Build 100,Interconnector Onshore Works,New Build,Medium,Northwest,Planning & Consents,Green,12-12-2025,03-10-2027,70983779,Outage Window,Productivity Delay,Head of Onshore Transmission Delivery,PM - Keane,31-07-2026
PRJ00101,Interconnector Onshore Works – Dublin – Upgrade 101,Interconnector Onshore Works,Upgrade,Medium,Dublin,Concept,Amber,25-09-2023,16-07-2025,35102313,Design Rework,Inflation/Materials,"Sponsor, Consents & Community Readiness",PM - O'Rourke,13-05-2024
PRJ00102,Reactive Compensation – Dublin – New Build 102,Reactive Compensation,New Build,High,Dublin,Design,Green,31-08-2025,10-08-2029,26500430,Procurement/Long Lead,Productivity Delay,Head of Onshore Transmission Delivery,PM - Byrne,16-01-2027
PRJ00103,Substation Upgrade – Midlands – Upgrade 103,Substation Upgrade,Upgrade,High,Midlands,Construction,Amber,02-12-2024,22-03-2027,31661257,Design Rework,Scope Change,"Sponsor, Consents & Community Readiness",PM - O'Rourke,21-09-2025
PRJ00104,Interconnector Onshore Works – Northwest – Upgrade 104,Interconnector Onshore Works,Upgrade,Medium,Northwest,Construction,Green,03-08-2025,20-01-2028,63625941,Procurement/Long Lead,Risk Realised,"Sponsor, Consents & Community Readiness",PM - Byrne,14-06-2026
PRJ00105,Grid Automation – Dublin – Upgrade 105,Grid Automation,Upgrade,High,Dublin,Planning & Consents,Red,31-07-2025,12-11-2028,19214253,Procurement/Long Lead,Inflation/Materials,Head of Onshore Transmission Delivery,PM - Nolan,24-09-2026
PRJ00106,Reactive Compensation – South – Upgrade 106,Reactive Compensation,Upgrade,High,South,Construction,Amber,25-10-2024,06-07-2028,23807182,Procurement/Long Lead,Scope Change,Head of Onshore Transmission Delivery,PM - Walsh,09-02-2026
PRJ00107,Overhead Line – West – Upgrade 107,Overhead Line,Upgrade,High,West,Planning & Consents,Green,18-11-2023,03-09-2026,65855586,Land Access/Wayleaves,Design Rework,"Sponsor, Consents & Community Readiness",PM - Nolan,08-11-2024
PRJ00108,Substation Upgrade – Midlands – Upgrade 108,Substation Upgrade,Upgrade,Low,Midlands,Design,Amber,18-10-2024,11-04-2026,22380815,Permits/Consents,Productivity Delay,"Sponsor, Consents & Community Readiness",PM - Fitzgerald,25-04-2025
PRJ00109,Substation Build – East – Upgrade 109,Substation Build,Upgrade,Medium,East,Commissioning,Green,28-10-2025,11-03-2029,68752886,Procurement/Long Lead,Contractor Claims,Head of Onshore Transmission Delivery,PM - Nolan,01-01-2027
PRJ00110,Interconnector Onshore Works – South – Upgrade 110,Interconnector Onshore Works,Upgrade,Medium,South,Planning & Consents,Green,25-04-2026,09-01-2029,73334647,Permits/Consents,Productivity Delay,Head of Onshore Transmission Delivery,PM - Nolan,06-04-2027
PRJ00111,Overhead Line – Midlands – Reinforcement 111,Overhead Line,Reinforcement,Medium,Midlands,Planning & Consents,Green,02-03-2026,16-03-2029,61836089,Procurement/Long Lead,Scope Change,"Sponsor, Consents & Community Readiness",PM - Walsh,25-03-2027
PRJ00112,Substation Upgrade – West – New Build 112,Substation Upgrade,New Build,Medium,West,Procurement,Amber,15-08-2023,03-10-2025,30491460,Procurement/Long Lead,Productivity Delay,"Sponsor, Consents & Community Readiness",PM - O'Rourke,14-05-2024
PRJ00113,Substation Upgrade – Midlands – New Build 113,Substation Upgrade,New Build,High,Midlands,Construction,Amber,14-01-2025,30-11-2027,39146781,Outage Window,Inflation/Materials,"Director, Infrastructure & Network Delivery",PM - Walsh,16-01-2026
PRJ00114,Underground Cable – South – New Build 114,Underground Cable,New Build,High,South,Commissioning,Red,11-05-2023,22-09-2026,84275876,Permits/Consents,Inflation/Materials,Head of Onshore Transmission Delivery,PM - Hayes,14-07-2024
PRJ00115,Substation Build – Dublin – Upgrade 115,Substation Build,Upgrade,Medium,Dublin,Commissioning,Amber,14-04-2025,05-12-2026,56744301,Contractor Capacity,Scope Change,"Sponsor, Commercial & Supply Chain",PM - Nolan,10-11-2025
PRJ00116,Grid Automation – Northwest – New Build 116,Grid Automation,New Build,Medium,Northwest,Planning & Consents,Red,22-05-2026,03-09-2029,15546275,Procurement/Long Lead,Inflation/Materials,"Director, Infrastructure & Network Delivery",PM - Byrne,16-07-2027
PRJ00117,Reactive Compensation – Midlands – Upgrade 117,Reactive Compensation,Upgrade,Medium,Midlands,Planning & Consents,Green,07-03-2023,26-12-2024,27973681,Permits/Consents,Inflation/Materials,"Sponsor, Commercial & Supply Chain",PM - Murphy,24-10-2023
PRJ00118,Reactive Compensation – Midlands – Upgrade 118,Reactive Compensation,Upgrade,Medium,Midlands,Construction,Red,29-03-2025,17-07-2027,18979005,Land Access/Wayleaves,Contractor Claims,"Director, Infrastructure & Network Delivery",PM - Fitzgerald,16-01-2026
PRJ00119,Overhead Line – Dublin – New Build 119,Overhead Line,New Build,Low,Dublin,Design,Green,25-03-2026,09-03-2029,50091584,Permits/Consents,Scope Change,"Sponsor, Consents & Community Readiness",PM - Nolan,07-04-2027
PRJ00120,Underground Cable – Dublin – Reinforcement 120,Underground Cable,Reinforcement,Low,Dublin,Construction,Green,22-11-2025,07-10-2028,63742151,Permits/Consents,Scope Change,Head of Onshore Transmission Delivery,PM - Kelly,24-11-2026
PRJ00121,Underground Cable – Midlands – Upgrade 121,Underground Cable,Upgrade,High,Midlands,Construction,Green,04-05-2024,19-01-2027,78717603,Land Access/Wayleaves,Contractor Claims,"Director, Infrastructure & Network Delivery",PM - Fitzgerald,15-04-2025
PRJ00122,Underground Cable – Dublin – New Build 122,Underground Cable,New Build,Medium,Dublin,Planning & Consents,Green,10-05-2023,25-03-2026,66552561,Procurement/Long Lead,Scope Change,"Sponsor, Interconnector Onshore Works",PM - Nolan,11-05-2024
PRJ00123,Substation Build – Northwest – New Build 123,Substation Build,New Build,High,Northwest,Construction,Green,26-02-2026,06-01-2030,49247890,Procurement/Long Lead,Productivity Delay,Head of Onshore Transmission Delivery,PM - Nolan,04-07-2027
PRJ00124,Overhead Line – East – New Build 124,Overhead Line,New Build,Medium,East,Planning & Consents,Green,22-02-2026,06-07-2029,59391241,Permits/Consents,Risk Realised,"Sponsor, Interconnector Onshore Works",PM - O'Rourke,28-04-2027
PRJ00125,Substation Build – West – New Build 125,Substation Build,New Build,High,West,Procurement,Green,22-12-2024,31-03-2029,51792662,Permits/Consents,Inflation/Materials,Head of Onshore Transmission Delivery,PM - O'Rourke,21-06-2026
PRJ00126,Overhead Line – Northwest – New Build 126,Overhead Line,New Build,Medium,Northwest,Construction,Green,05-05-2026,15-11-2029,68714589,Permits/Consents,Risk Realised,"Sponsor, Commercial & Supply Chain",PM - Hayes,30-07-2027
PRJ00127,Substation Upgrade – East – Reinforcement 127,Substation Upgrade,Reinforcement,High,East,Procurement,Red,06-01-2023,14-02-2027,33813455,Procurement/Long Lead,Scope Change,"Sponsor, Interconnector Onshore Works",PM - Kelly,14-06-2024
PRJ00128,Substation Build – East – New Build 128,Substation Build,New Build,Low,East,Construction,Amber,07-02-2025,28-01-2027,73274356,Land Access/Wayleaves,Scope Change,"Sponsor, Consents & Community Readiness",PM - Murphy,16-10-2025
PRJ00129,Substation Build – West – New Build 129,Substation Build,New Build,Medium,West,Construction,Green,18-02-2023,07-07-2025,60685569,Procurement/Long Lead,Design Rework,"Director, Infrastructure & Network Delivery",PM - Kelly,19-12-2023
PRJ00130,Underground Cable – West – Upgrade 130,Underground Cable,Upgrade,High,West,Commissioning,Green,12-03-2026,24-06-2029,47060834,Land Access/Wayleaves,Design Rework,"Sponsor, Consents & Community Readiness",PM - Keane,06-05-2027
PRJ00131,Substation Build – South – Upgrade 131,Substation Build,Upgrade,High,South,Commissioning,Green,28-04-2025,18-04-2027,74594175,Permits/Consents,Risk Realised,"Sponsor, Consents & Community Readiness",PM - Fitzgerald,04-01-2026
PRJ00132,Interconnector Onshore Works – West – Reinforcement 132,Interconnector Onshore Works,Reinforcement,High,West,Procurement,Green,13-02-2026,28-04-2029,91319283,Outage Window,Scope Change,"Sponsor, Interconnector Onshore Works",PM - Byrne,29-03-2027
PRJ00133,Underground Cable – Northwest – Upgrade 133,Underground Cable,Upgrade,Low,Northwest,Planning & Consents,Amber,02-12-2024,25-06-2026,42864353,Permits/Consents,Design Rework,Head of Onshore Transmission Delivery,PM - Fitzgerald,19-06-2025
PRJ00134,Overhead Line – South – Upgrade 134,Overhead Line,Upgrade,Medium,South,Construction,Green,14-04-2023,27-06-2026,45571542,Permits/Consents,Inflation/Materials,Head of Onshore Transmission Delivery,PM - Kelly,27-05-2024
PRJ00135,Underground Cable – Dublin – New Build 135,Underground Cable,New Build,Low,Dublin,Commissioning,Amber,23-02-2024,15-10-2025,85281532,Permits/Consents,Inflation/Materials,"Director, Infrastructure & Network Delivery",PM - Byrne,20-09-2024
PRJ00136,Substation Build – East – Reinforcement 136,Substation Build,Reinforcement,Low,East,Design,Amber,16-07-2025,08-03-2027,65217168,Weather/Events,Scope Change,"Sponsor, Consents & Community Readiness",PM - Keane,11-02-2026
PRJ00137,Interconnector Onshore Works – East – Upgrade 137,Interconnector Onshore Works,Upgrade,Medium,East,Procurement,Green,08-07-2023,27-07-2025,83015623,Contractor Capacity,FX/Imports,"Sponsor, Interconnector Onshore Works",PM - Fitzgerald,26-03-2024
PRJ00138,Overhead Line – Dublin – Reinforcement 138,Overhead Line,Reinforcement,Medium,Dublin,Procurement,Amber,28-11-2025,19-10-2027,57149067,Contractor Capacity,Scope Change,"Director, Infrastructure & Network Delivery",PM - O'Rourke,27-07-2026
PRJ00139,Grid Automation – Dublin – New Build 139,Grid Automation,New Build,High,Dublin,Planning & Consents,Green,26-10-2023,05-09-2027,21843730,Weather/Events,Risk Realised,"Sponsor, Commercial & Supply Chain",PM - Keane,02-03-2025
PRJ00140,Substation Build – West – Reinforcement 140,Substation Build,Reinforcement,High,West,Construction,Red,11-09-2024,29-05-2027,76055734,Permits/Consents,Productivity Delay,"Sponsor, Interconnector Onshore Works",PM - Ryan,23-08-2025
PRJ00141,Overhead Line – East – Upgrade 141,Overhead Line,Upgrade,Medium,East,Design,Amber,11-09-2023,27-07-2026,28285542,Weather/Events,Design Rework,"Director, Infrastructure & Network Delivery",PM - Walsh,12-09-2024
PRJ00142,Overhead Line – Northwest – New Build 142,Overhead Line,New Build,High,Northwest,Construction,Amber,03-08-2024,16-12-2027,62491650,Permits/Consents,Design Rework,"Director, Infrastructure & Network Delivery",PM - Walsh,07-10-2025
PRJ00143,Interconnector Onshore Works – East – Upgrade 143,Interconnector Onshore Works,Upgrade,Low,East,Construction,Amber,17-07-2024,05-10-2026,68594829,Contractor Capacity,Risk Realised,"Sponsor, Consents & Community Readiness",PM - Byrne,26-04-2025
PRJ00144,Underground Cable – Dublin – Upgrade 144,Underground Cable,Upgrade,Low,Dublin,Construction,Amber,07-01-2023,26-05-2025,38816125,Procurement/Long Lead,Scope Change,"Sponsor, Consents & Community Readiness",PM - Fitzgerald,07-11-2023
PRJ00145,Overhead Line – Midlands – New Build 145,Overhead Line,New Build,Medium,Midlands,Procurement,Red,09-12-2024,24-12-2027,52612509,Land Access/Wayleaves,Scope Change,"Director, Infrastructure & Network Delivery",PM - Byrne,01-01-2026
PRJ00146,Substation Upgrade – Northwest – Upgrade 146,Substation Upgrade,Upgrade,High,Northwest,Design,Green,07-09-2025,19-04-2029,25990855,Outage Window,Productivity Delay,"Sponsor, Commercial & Supply Chain",PM - Byrne,12-12-2026
PRJ00147,Substation Upgrade – East – Reinforcement 147,Substation Upgrade,Reinforcement,Low,East,Construction,Amber,13-03-2026,03-12-2027,30012379,Permits/Consents,Inflation/Materials,"Sponsor, Consents & Community Readiness",PM - Walsh,19-10-2026
PRJ00148,Underground Cable – Dublin – New Build 148,Underground Cable,New Build,Medium,Dublin,Construction,Amber,17-02-2024,02-04-2027,75371697,Weather/Events,Scope Change,"Sponsor, Interconnector Onshore Works",PM - Byrne,21-03-2025
PRJ00149,Overhead Line – Dublin – Upgrade 149,Overhead Line,Upgrade,Medium,Dublin,Procurement,Green,03-01-2026,17-01-2029,50151785,Land Access/Wayleaves,Scope Change,"Sponsor, Commercial & Supply Chain",PM - Walsh,26-01-2027
PRJ00150,Substation Build – South – New Build 150,Substation Build,New Build,Low,South,Construction,Red,31-12-2025,15-03-2029,69048259,Contractor Capacity,Inflation/Materials,"Sponsor, Commercial & Supply Chain",PM - Keane,13-02-2027
PRJ00151,Grid Automation – South – New Build 151,Grid Automation,New Build,Medium,South,Planning & Consents,Green,17-05-2026,31-05-2029,14392846,Outage Window,Scope Change,"Sponsor, Consents & Community Readiness",PM - O'Rourke,09-06-2027
PRJ00152,Interconnector Onshore Works – East – Reinforcement 152,Interconnector Onshore Works,Reinforcement,High,East,Construction,Green,10-04-2024,25-04-2027,95142087,Permits/Consents,Scope Change,Head of Onshore Transmission Delivery,PM - Murphy,03-05-2025
PRJ00153,Substation Build – Dublin – Upgrade 153,Substation Build,Upgrade,Medium,Dublin,Planning & Consents,Green,27-11-2025,10-01-2029,47082007,Outage Window,Risk Realised,"Sponsor, Consents & Community Readiness",PM - Fitzgerald,30-12-2026
PRJ00154,Underground Cable – South – New Build 154,Underground Cable,New Build,Low,South,Planning & Consents,Green,05-12-2024,20-11-2027,34521622,Contractor Capacity,Inflation/Materials,"Director, Infrastructure & Network Delivery",PM - Keane,18-12-2025
PRJ00155,Substation Build – Northwest – Reinforcement 155,Substation Build,Reinforcement,High,Northwest,Procurement,Amber,14-03-2023,23-03-2027,80877400,Design Rework,FX/Imports,"Sponsor, Consents & Community Readiness",PM - Byrne,09-08-2024
PRJ00156,Reactive Compensation – West – Reinforcement 156,Reactive Compensation,Reinforcement,Medium,West,Planning & Consents,Green,04-12-2023,24-09-2025,23335917,Permits/Consents,FX/Imports,"Director, Infrastructure & Network Delivery",PM - Hayes,22-07-2024
PRJ00157,Substation Upgrade – South – New Build 157,Substation Upgrade,New Build,High,South,Planning & Consents,Green,18-04-2025,28-12-2028,43759930,Procurement/Long Lead,Scope Change,"Sponsor, Consents & Community Readiness",PM - Fitzgerald,03-08-2026
PRJ00158,Underground Cable – Dublin – Reinforcement 158,Underground Cable,Reinforcement,Medium,Dublin,Concept,Green,20-07-2023,10-04-2025,77788238,Design Rework,Design Rework,"Director, Infrastructure & Network Delivery",PM - Nolan,25-02-2024
PRJ00159,Reactive Compensation – East – New Build 159,Reactive Compensation,New Build,Medium,East,Procurement,Green,26-06-2024,13-03-2027,30974783,Procurement/Long Lead,Productivity Delay,Head of Onshore Transmission Delivery,PM - Byrne,07-06-2025
PRJ00160,Grid Automation – East – Reinforcement 160,Grid Automation,Reinforcement,Medium,East,Construction,Amber,24-08-2025,11-01-2028,10853307,Permits/Consents,Productivity Delay,Head of Onshore Transmission Delivery,PM - Murphy,24-06-2026
PRJ00161,Substation Build – Midlands – Upgrade 161,Substation Build,Upgrade,Medium,Midlands,Concept,Red,06-07-2023,26-04-2025,56055049,Land Access/Wayleaves,Scope Change,"Sponsor, Consents & Community Readiness",PM - Byrne,22-02-2024
PRJ00162,Interconnector Onshore Works – Midlands – Upgrade 162,Interconnector Onshore Works,Upgrade,High,Midlands,Construction,Green,11-09-2024,29-04-2027,90312002,Stakeholder/Community,Scope Change,"Sponsor, Commercial & Supply Chain",PM - O'Rourke,13-08-2025
PRJ00163,Substation Upgrade – Northwest – New Build 163,Substation Upgrade,New Build,Low,Northwest,Construction,Green,25-09-2023,13-11-2025,37667346,Permits/Consents,Scope Change,"Director, Infrastructure & Network Delivery",PM - Walsh,24-06-2024
PRJ00164,Substation Build – Northwest – Reinforcement 164,Substation Build,Reinforcement,Low,Northwest,Planning & Consents,Green,31-10-2024,19-04-2027,71805892,Design Rework,Productivity Delay,"Sponsor, Commercial & Supply Chain",PM - Kelly,11-09-2025
PRJ00165,Underground Cable – Northwest – New Build 165,Underground Cable,New Build,Medium,Northwest,Planning & Consents,Amber,28-10-2023,06-11-2027,79794054,Weather/Events,FX/Imports,"Sponsor, Commercial & Supply Chain",PM - Walsh,25-03-2025
PRJ00166,Overhead Line – Northwest – New Build 166,Overhead Line,New Build,Medium,Northwest,Construction,Green,18-04-2026,02-04-2029,50544643,Permits/Consents,Productivity Delay,Head of Onshore Transmission Delivery,PM - Nolan,01-05-2027
PRJ00167,Grid Automation – Dublin – New Build 167,Grid Automation,New Build,High,Dublin,Construction,Green,06-04-2023,18-08-2026,14507665,Permits/Consents,Design Rework,"Sponsor, Consents & Community Readiness",PM - Byrne,09-06-2024
PRJ00168,Grid Automation – Dublin – Upgrade 168,Grid Automation,Upgrade,High,Dublin,Procurement,Green,16-04-2026,01-03-2029,16273549,Design Rework,FX/Imports,Head of Onshore Transmission Delivery,PM - Walsh,18-04-2027
PRJ00169,Substation Upgrade – East – New Build 169,Substation Upgrade,New Build,Medium,East,Construction,Green,14-09-2025,27-03-2029,24206782,Permits/Consents,Productivity Delay,"Director, Infrastructure & Network Delivery",PM - Ryan,09-12-2026
PRJ00170,Interconnector Onshore Works – South – Reinforcement 170,Interconnector Onshore Works,Reinforcement,Medium,South,Planning & Consents,Green,02-12-2025,22-11-2027,73862761,Contractor Capacity,Scope Change,"Sponsor, Consents & Community Readiness",PM - Fitzgerald,10-08-2026
PRJ00171,Substation Upgrade – Dublin – Upgrade 171,Substation Upgrade,Upgrade,Low,Dublin,Design,Green,27-11-2025,17-11-2027,20933392,Design Rework,Risk Realised,"Director, Infrastructure & Network Delivery",PM - Walsh,05-08-2026
PRJ00172,Overhead Line – Midlands – New Build 172,Overhead Line,New Build,Medium,Midlands,Construction,Amber,22-08-2023,06-08-2026,69917375,Contractor Capacity,Inflation/Materials,"Sponsor, Commercial & Supply Chain",PM - Kelly,03-09-2024
PRJ00173,Substation Upgrade – West – New Build 173,Substation Upgrade,New Build,High,West,Design,Amber,07-03-2026,21-03-2029,33643052,Land Access/Wayleaves,Scope Change,"Sponsor, Interconnector Onshore Works",PM - Byrne,30-03-2027
PRJ00174,Interconnector Onshore Works – South – New Build 174,Interconnector Onshore Works,New Build,Medium,South,Construction,Green,11-01-2025,25-02-2028,47413036,Design Rework,Contractor Claims,"Sponsor, Commercial & Supply Chain",PM - Keane,13-02-2026
PRJ00175,Substation Build – Dublin – Upgrade 175,Substation Build,Upgrade,Medium,Dublin,Procurement,Amber,14-04-2026,01-08-2028,65284382,Contractor Capacity,Risk Realised,"Sponsor, Consents & Community Readiness",PM - Ryan,01-02-2027
PRJ00176,Substation Build – East – Reinforcement 176,Substation Build,Reinforcement,Medium,East,Construction,Amber,31-12-2025,19-02-2028,57826747,Permits/Consents,Scope Change,"Sponsor, Consents & Community Readiness",PM - O'Rourke,30-09-2026
PRJ00177,Overhead Line – Dublin – New Build 177,Overhead Line,New Build,High,Dublin,Procurement,Green,23-12-2024,03-09-2028,65183885,Contractor Capacity,Contractor Claims,"Sponsor, Interconnector Onshore Works",PM - Murphy,09-04-2026
PRJ00178,Interconnector Onshore Works – Midlands – Reinforcement 178,Interconnector Onshore Works,Reinforcement,Medium,Midlands,Design,Green,11-04-2024,01-04-2026,75970542,Stakeholder/Community,Scope Change,Head of Onshore Transmission Delivery,PM - Murphy,18-12-2024
PRJ00179,Interconnector Onshore Works – West – New Build 179,Interconnector Onshore Works,New Build,Low,West,Design,Green,27-05-2023,12-11-2025,68880626,Design Rework,Scope Change,"Director, Infrastructure & Network Delivery",PM - O'Rourke,06-04-2024
PRJ00180,Reactive Compensation – West – Reinforcement 180,Reactive Compensation,Reinforcement,Medium,West,Design,Amber,07-05-2023,26-01-2025,25186862,Procurement/Long Lead,Scope Change,"Sponsor, Consents & Community Readiness",PM - Keane,13-12-2023
PRJ00181,Interconnector Onshore Works – East – Reinforcement 181,Interconnector Onshore Works,Reinforcement,Low,East,Construction,Green,30-04-2024,18-08-2026,47898178,Land Access/Wayleaves,Design Rework,Head of Onshore Transmission Delivery,PM - Walsh,17-02-2025
PRJ00182,Interconnector Onshore Works – East – Upgrade 182,Interconnector Onshore Works,Upgrade,Low,East,Planning & Consents,Amber,08-10-2025,24-07-2028,54280206,Permits/Consents,Risk Realised,Head of Onshore Transmission Delivery,PM - Hayes,29-09-2026
PRJ00183,Overhead Line – South – Upgrade 183,Overhead Line,Upgrade,Low,South,Planning & Consents,Green,22-09-2024,15-05-2026,43212305,Land Access/Wayleaves,Scope Change,"Director, Infrastructure & Network Delivery",PM - Nolan,20-04-2025
PRJ00184,Substation Upgrade – Midlands – Reinforcement 184,Substation Upgrade,Reinforcement,Medium,Midlands,Planning & Consents,Green,23-08-2024,09-06-2027,24515872,Permits/Consents,Inflation/Materials,"Sponsor, Consents & Community Readiness",PM - Walsh,14-08-2025
PRJ00185,Grid Automation – Midlands – New Build 185,Grid Automation,New Build,Medium,Midlands,Planning & Consents,Red,01-11-2023,13-02-2027,10293910,Weather/Events,Scope Change,Head of Onshore Transmission Delivery,PM - Keane,25-12-2024
PRJ00186,Reactive Compensation – Dublin – New Build 186,Reactive Compensation,New Build,Medium,Dublin,Construction,Green,04-12-2024,13-11-2028,27056210,Land Access/Wayleaves,Scope Change,"Director, Infrastructure & Network Delivery",PM - Nolan,21-04-2026
PRJ00187,Overhead Line – Northwest – New Build 187,Overhead Line,New Build,Medium,Northwest,Design,Amber,06-03-2025,22-09-2027,65322208,Stakeholder/Community,Contractor Claims,"Director, Infrastructure & Network Delivery",PM - Keane,25-01-2026
PRJ00188,Substation Build – Dublin – Upgrade 188,Substation Build,Upgrade,High,Dublin,Commissioning,Red,09-05-2026,23-05-2029,70672936,Permits/Consents,Productivity Delay,Head of Onshore Transmission Delivery,PM - Kelly,01-06-2027
PRJ00189,Reactive Compensation – Northwest – Upgrade 189,Reactive Compensation,Upgrade,High,Northwest,Planning & Consents,Amber,28-06-2025,08-04-2029,15367385,Land Access/Wayleaves,Productivity Delay,"Sponsor, Commercial & Supply Chain",PM - Ryan,23-10-2026
PRJ00190,Substation Upgrade – Dublin – Upgrade 190,Substation Upgrade,Upgrade,Medium,Dublin,Construction,Green,27-01-2025,13-12-2027,28106422,Procurement/Long Lead,Inflation/Materials,Head of Onshore Transmission Delivery,PM - Murphy,29-01-2026
PRJ00191,Interconnector Onshore Works – East – Reinforcement 191,Interconnector Onshore Works,Reinforcement,Medium,East,Procurement,Amber,13-06-2024,05-03-2026,54116667,Land Access/Wayleaves,Contractor Claims,"Sponsor, Consents & Community Readiness",PM - Byrne,19-01-2025
PRJ00192,Substation Upgrade – Midlands – New Build 192,Substation Upgrade,New Build,High,Midlands,Design,Green,11-03-2026,18-02-2030,37935045,Design Rework,Scope Change,"Sponsor, Commercial & Supply Chain",PM - Keane,27-07-2027
PRJ00193,Substation Build – Dublin – Upgrade 193,Substation Build,Upgrade,Low,Dublin,Construction,Green,06-04-2024,28-09-2025,43105159,Outage Window,Scope Change,Head of Onshore Transmission Delivery,PM - Keane,12-10-2024
PRJ00194,Grid Automation – South – New Build 194,Grid Automation,New Build,Medium,South,Commissioning,Amber,09-06-2023,24-01-2026,11464907,Stakeholder/Community,Risk Realised,"Sponsor, Commercial & Supply Chain",PM - Murphy,10-05-2024
PRJ00195,Substation Build – South – New Build 195,Substation Build,New Build,High,South,Construction,Amber,04-06-2024,16-12-2027,79389347,Permits/Consents,Design Rework,"Sponsor, Consents & Community Readiness",PM - Fitzgerald,29-08-2025
PRJ00196,Substation Build – East – Upgrade 196,Substation Build,Upgrade,Medium,East,Planning & Consents,Green,10-06-2023,26-12-2025,57875335,Design Rework,Risk Realised,"Sponsor, Consents & Community Readiness",PM - Byrne,30-04-2024
PRJ00197,Underground Cable – West – Reinforcement 197,Underground Cable,Reinforcement,Medium,West,Design,Green,28-05-2023,13-11-2025,53606128,Permits/Consents,Risk Realised,"Director, Infrastructure & Network Delivery",PM - Kelly,07-04-2024
PRJ00198,Grid Automation – Midlands – Upgrade 198,Grid Automation,Upgrade,Medium,Midlands,Construction,Amber,03-01-2026,25-09-2027,13238420,Outage Window,Productivity Delay,"Director, Infrastructure & Network Delivery",PM - Nolan,11-08-2026
PRJ00199,Substation Upgrade – Midlands – New Build 199,Substation Upgrade,New Build,Medium,Midlands,Design,Amber,18-09-2025,05-04-2028,27763671,Procurement/Long Lead,Risk Realised,"Sponsor, Interconnector Onshore Works",PM - Keane,09-08-2026
PRJ00200,Substation Upgrade – East – Upgrade 200,Substation Upgrade,Upgrade,Medium,East,Construction,Green,03-10-2023,17-10-2026,29337332,Land Access/Wayleaves,Inflation/Materials,"Sponsor, Commercial & Supply Chain",PM - O'Rourke,25-10-2024
PRJ00201,Grid Automation – South – New Build 201,Grid Automation,New Build,Low,South,Construction,Red,10-11-2025,28-05-2028,13048591,Permits/Consents,Scope Change,"Sponsor, Interconnector Onshore Works",PM - Walsh,01-10-2026
PRJ00202,Interconnector Onshore Works – East – Reinforcement 202,Interconnector Onshore Works,Reinforcement,Medium,East,Construction,Green,27-03-2023,14-06-2025,67484884,Permits/Consents,Scope Change,"Sponsor, Interconnector Onshore Works",PM - Nolan,04-01-2024
PRJ00203,Overhead Line – East – Upgrade 203,Overhead Line,Upgrade,Low,East,Construction,Green,21-12-2023,06-10-2026,32477933,Land Access/Wayleaves,Scope Change,"Director, Infrastructure & Network Delivery",PM - Murphy,11-12-2024
PRJ00204,Substation Build – Dublin – New Build 204,Substation Build,New Build,High,Dublin,Construction,Amber,30-05-2025,13-07-2028,60672620,Outage Window,Scope Change,"Sponsor, Commercial & Supply Chain",PM - Ryan,02-07-2026
PRJ00205,Substation Build – Northwest – New Build 205,Substation Build,New Build,Medium,Northwest,Concept,Red,14-01-2024,30-10-2026,76241451,Design Rework,Inflation/Materials,Head of Onshore Transmission Delivery,PM - Fitzgerald,04-01-2025
PRJ00206,Substation Upgrade – Northwest – New Build 206,Substation Upgrade,New Build,Medium,Northwest,Concept,Green,29-06-2025,14-05-2028,28260760,Outage Window,Design Rework,"Sponsor, Commercial & Supply Chain",PM - Ryan,01-07-2026
PRJ00207,Substation Build – Midlands – Reinforcement 207,Substation Build,Reinforcement,High,Midlands,Construction,Green,26-12-2025,10-12-2028,45124128,Permits/Consents,Design Rework,"Director, Infrastructure & Network Delivery",PM - Hayes,08-01-2027
PRJ00208,Reactive Compensation – South – Upgrade 208,Reactive Compensation,Upgrade,High,South,Procurement,Green,24-03-2023,01-02-2027,21459819,Contractor Capacity,Productivity Delay,Head of Onshore Transmission Delivery,PM - Ryan,29-07-2024
PRJ00209,Substation Build – South – Upgrade 209,Substation Build,Upgrade,Medium,South,Design,Amber,30-01-2023,18-07-2025,50143160,Land Access/Wayleaves,Scope Change,"Sponsor, Commercial & Supply Chain",PM - Fitzgerald,11-12-2023
PRJ00210,Overhead Line – South – Upgrade 210,Overhead Line,Upgrade,Medium,South,Procurement,Green,18-03-2026,29-08-2029,57618581,Procurement/Long Lead,Design Rework,"Sponsor, Commercial & Supply Chain",PM - Fitzgerald,02-06-2027
PRJ00211,Reactive Compensation – South – Upgrade 211,Reactive Compensation,Upgrade,High,South,Construction,Green,11-10-2024,29-05-2027,16470621,Land Access/Wayleaves,Inflation/Materials,"Sponsor, Consents & Community Readiness",PM - Ryan,12-09-2025
PRJ00212,Underground Cable – South – New Build 212,Underground Cable,New Build,Medium,South,Construction,Red,23-09-2024,08-10-2027,49182232,Land Access/Wayleaves,Scope Change,Head of Onshore Transmission Delivery,PM - Fitzgerald,16-10-2025
PRJ00213,Substation Upgrade – Dublin – Reinforcement 213,Substation Upgrade,Reinforcement,High,Dublin,Construction,Green,01-08-2024,14-11-2027,39368258,Contractor Capacity,Inflation/Materials,Head of Onshore Transmission Delivery,PM - Hayes,25-09-2025
PRJ00214,Grid Automation – Dublin – New Build 214,Grid Automation,New Build,High,Dublin,Design,Green,24-06-2024,09-06-2027,21462750,Permits/Consents,Inflation/Materials,"Sponsor, Interconnector Onshore Works",PM - Murphy,07-07-2025
PRJ00215,Reactive Compensation – Northwest – Upgrade 215,Reactive Compensation,Upgrade,High,Northwest,Design,Green,10-05-2025,26-12-2027,20565198,Procurement/Long Lead,Inflation/Materials,Head of Onshore Transmission Delivery,PM - Nolan,11-04-2026
PRJ00216,Reactive Compensation – South – Upgrade 216,Reactive Compensation,Upgrade,Low,South,Procurement,Amber,23-12-2024,10-08-2027,15154440,Contractor Capacity,Design Rework,Head of Onshore Transmission Delivery,PM - Kelly,24-11-2025
PRJ00217,Substation Build – Northwest – Upgrade 217,Substation Build,Upgrade,Medium,Northwest,Design,Green,23-07-2023,07-06-2026,66488704,Permits/Consents,Design Rework,"Sponsor, Consents & Community Readiness",PM - Fitzgerald,24-07-2024
PRJ00218,Substation Build – Dublin – Reinforcement 218,Substation Build,Reinforcement,Low,Dublin,Construction,Green,20-02-2025,10-06-2027,32949619,Outage Window,Productivity Delay,Head of Onshore Transmission Delivery,PM - Murphy,10-12-2025
PRJ00219,Interconnector Onshore Works – South – New Build 219,Interconnector Onshore Works,New Build,Medium,South,Construction,Green,13-04-2025,29-11-2027,56207869,Procurement/Long Lead,Scope Change,"Sponsor, Consents & Community Readiness",PM - Fitzgerald,15-03-2026
PRJ00220,Overhead Line – Dublin – Upgrade 220,Overhead Line,Upgrade,High,Dublin,Planning & Consents,Amber,22-05-2023,03-09-2026,50737196,Stakeholder/Community,Design Rework,Head of Onshore Transmission Delivery,PM - Ryan,15-07-2024
PRJ00221,Substation Upgrade – East – New Build 221,Substation Upgrade,New Build,Medium,East,Concept,Amber,14-04-2024,24-01-2028,38609218,Contractor Capacity,Productivity Delay,"Sponsor, Commercial & Supply Chain",PM - Hayes,09-08-2025
PRJ00222,Overhead Line – Dublin – Upgrade 222,Overhead Line,Upgrade,Medium,Dublin,Design,Green,12-09-2025,05-05-2027,41366910,Design Rework,Scope Change,"Sponsor, Interconnector Onshore Works",PM - Byrne,10-04-2026
PRJ00223,Reactive Compensation – Dublin – New Build 223,Reactive Compensation,New Build,Low,Dublin,Construction,Green,10-02-2025,27-11-2027,21076090,Design Rework,Productivity Delay,"Sponsor, Interconnector Onshore Works",PM - Ryan,01-02-2026
PRJ00224,Interconnector Onshore Works – Northwest – New Build 224,Interconnector Onshore Works,New Build,High,Northwest,Construction,Red,20-06-2023,30-01-2027,121160758,Stakeholder/Community,Contractor Claims,"Sponsor, Consents & Community Readiness",PM - Ryan,23-09-2024
PRJ00225,Substation Upgrade – East – New Build 225,Substation Upgrade,New Build,Low,East,Planning & Consents,Green,19-02-2023,01-09-2026,35687816,Contractor Capacity,Inflation/Materials,Head of Onshore Transmission Delivery,PM - Hayes,15-05-2024
PRJ00226,Interconnector Onshore Works – West – New Build 226,Interconnector Onshore Works,New Build,Low,West,Construction,Green,25-12-2024,15-03-2027,64927319,Land Access/Wayleaves,Scope Change,"Sponsor, Commercial & Supply Chain",PM - Hayes,04-10-2025
PRJ00227,Substation Build – South – New Build 227,Substation Build,New Build,Low,South,Procurement,Green,29-07-2024,16-12-2026,61911799,Permits/Consents,Contractor Claims,"Sponsor, Commercial & Supply Chain",PM - Kelly,29-05-2025
PRJ00228,Underground Cable – South – Upgrade 228,Underground Cable,Upgrade,Low,South,Procurement,Green,13-04-2026,29-09-2028,62447786,Contractor Capacity,Scope Change,"Sponsor, Consents & Community Readiness",PM - Kelly,22-02-2027
PRJ00229,Underground Cable – South – Upgrade 229,Underground Cable,Upgrade,Medium,South,Commissioning,Green,13-10-2024,06-05-2026,39830402,Permits/Consents,Scope Change,"Sponsor, Consents & Community Readiness",PM - O'Rourke,30-04-2025
PRJ00230,Substation Build – Dublin – New Build 230,Substation Build,New Build,Medium,Dublin,Planning & Consents,Green,07-03-2026,16-11-2029,85850685,Land Access/Wayleaves,Scope Change,"Sponsor, Commercial & Supply Chain",PM - Hayes,22-06-2027
PRJ00231,Substation Build – Northwest – New Build 231,Substation Build,New Build,Medium,Northwest,Design,Green,25-09-2023,08-03-2027,59170147,Permits/Consents,Risk Realised,"Sponsor, Consents & Community Readiness",PM - Byrne,09-12-2024
PRJ00232,Overhead Line – Midlands – New Build 232,Overhead Line,New Build,Low,Midlands,Construction,Green,11-07-2024,25-08-2027,47434077,Procurement/Long Lead,Inflation/Materials,"Sponsor, Commercial & Supply Chain",PM - Ryan,13-08-2025
PRJ00233,Interconnector Onshore Works – Midlands – Upgrade 233,Interconnector Onshore Works,Upgrade,Low,Midlands,Planning & Consents,Amber,24-06-2023,12-08-2025,57236265,Permits/Consents,Inflation/Materials,"Director, Infrastructure & Network Delivery",PM - Ryan,23-03-2024
PRJ00234,Underground Cable – South – New Build 234,Underground Cable,New Build,Medium,South,Construction,Green,17-12-2024,31-01-2028,54960190,Contractor Capacity,Inflation/Materials,Head of Onshore Transmission Delivery,PM - Murphy,19-01-2026
PRJ00235,Interconnector Onshore Works – Dublin – New Build 235,Interconnector Onshore Works,New Build,Low,Dublin,Design,Green,24-08-2023,09-06-2026,59629368,Design Rework,Risk Realised,"Sponsor, Consents & Community Readiness",PM - Byrne,14-08-2024
PRJ00236,Grid Automation – Northwest – New Build 236,Grid Automation,New Build,Medium,Northwest,Planning & Consents,Amber,05-09-2024,18-03-2028,15210944,Stakeholder/Community,Contractor Claims,"Director, Infrastructure & Network Delivery",PM - O'Rourke,30-11-2025
PRJ00237,Overhead Line – East – Upgrade 237,Overhead Line,Upgrade,Low,East,Design,Green,05-03-2024,25-03-2026,45369608,Land Access/Wayleaves,Risk Realised,"Sponsor, Commercial & Supply Chain",PM - Fitzgerald,22-11-2024
PRJ00238,Grid Automation – Dublin – New Build 238,Grid Automation,New Build,Medium,Dublin,Procurement,Amber,20-08-2023,05-07-2026,14151622,Procurement/Long Lead,Inflation/Materials,"Sponsor, Consents & Community Readiness",PM - Kelly,21-08-2024
PRJ00239,Substation Build – East – Upgrade 239,Substation Build,Upgrade,Medium,East,Planning & Consents,Green,01-05-2023,16-11-2025,60605329,Contractor Capacity,Scope Change,"Director, Infrastructure & Network Delivery",PM - Keane,21-03-2024
PRJ00240,Substation Build – Midlands – Upgrade 240,Substation Build,Upgrade,Medium,Midlands,Planning & Consents,Amber,30-09-2024,21-08-2026,66003258,Procurement/Long Lead,Contractor Claims,"Sponsor, Commercial & Supply Chain",PM - Ryan,29-05-2025
PRJ00241,Grid Automation – West – Upgrade 241,Grid Automation,Upgrade,Low,West,Construction,Green,27-03-2026,11-11-2028,8465614,Contractor Capacity,Inflation/Materials,"Sponsor, Commercial & Supply Chain",PM - Byrne,26-02-2027
PRJ00242,Grid Automation – Midlands – Upgrade 242,Grid Automation,Upgrade,Low,Midlands,Design,Green,05-09-2023,22-01-2026,11626064,Permits/Consents,Design Rework,"Sponsor, Commercial & Supply Chain",PM - Fitzgerald,05-07-2024
PRJ00243,Substation Upgrade – Midlands – Upgrade 243,Substation Upgrade,Upgrade,High,Midlands,Design,Green,20-05-2024,01-11-2027,34065865,Weather/Events,Risk Realised,Head of Onshore Transmission Delivery,PM - Walsh,04-08-2025
PRJ00244,Underground Cable – Dublin – New Build 244,Underground Cable,New Build,Low,Dublin,Planning & Consents,Green,08-10-2023,27-09-2025,83603057,Permits/Consents,Contractor Claims,"Sponsor, Commercial & Supply Chain",PM - Byrne,15-06-2024
PRJ00245,Underground Cable – Northwest – Upgrade 245,Underground Cable,Upgrade,Medium,Northwest,Design,Green,05-10-2025,25-10-2027,51148377,Stakeholder/Community,FX/Imports,Head of Onshore Transmission Delivery,PM - Keane,24-06-2026
PRJ00246,Grid Automation – South – Upgrade 246,Grid Automation,Upgrade,Medium,South,Design,Amber,01-06-2024,22-05-2026,10983017,Contractor Capacity,Contractor Claims,"Sponsor, Consents & Community Readiness",PM - Kelly,07-02-2025
PRJ00247,Underground Cable – West – New Build 247,Underground Cable,New Build,Medium,West,Construction,Amber,30-04-2026,13-07-2029,75604910,Land Access/Wayleaves,Inflation/Materials,"Director, Infrastructure & Network Delivery",PM - Murphy,13-06-2027
PRJ00248,Overhead Line – Dublin – Upgrade 248,Overhead Line,Upgrade,Medium,Dublin,Design,Green,02-11-2023,19-07-2026,51505657,Design Rework,Contractor Claims,"Sponsor, Consents & Community Readiness",PM - Ryan,13-10-2024
PRJ00249,Overhead Line – Northwest – New Build 249,Overhead Line,New Build,High,Northwest,Construction,Red,11-04-2023,20-05-2027,58457079,Permits/Consents,Scope Change,"Sponsor, Commercial & Supply Chain",PM - Murphy,17-09-2024
PRJ00250,Overhead Line – East – Upgrade 250,Overhead Line,Upgrade,High,East,Commissioning,Amber,27-12-2024,08-08-2028,49559579,Design Rework,Design Rework,"Sponsor, Consents & Community Readiness",PM - Walsh,02-04-2026
